{"cameraMode":{"drawMode":0,"name":"Shaded","section":"Shading Mode"},"sceneLighting":true,"audioPlay":false,"sceneViewState":{"m_AlwaysRefresh":false,"showFog":true,"showSkybox":true,"showFlares":true,"showImageEffects":true,"showParticleSystems":true,"showVisualEffectGraphs":true,"m_FxEnabled":true},"in2DMode":false,"pivot":{"x":-2.4509334564208986,"y":-15.416461944580079,"z":9.124128341674805},"rotation":{"x":0.45232734084129336,"y":-0.02006411738693714,"z":0.010178988799452782,"w":0.8915731906890869},"size":18.134563446044923,"orthographic":false}